document_id,collection_version,file_name,relative_path,sha256,title,author,source_url,download_url,license_or_permission,license_url,license_evidence_url,redistribution_allowed,language,topic,format,retrieved_on,file_size_bytes,source_sha256,transformation,validation_status,notes,source_relative_path
doc_509202dfeb5631832e30cad1bcda4016eb8bd3c04e47d3ab8dfe461935de5c6e,ml-basics-v1,01_mit_introduction_classification.pdf,data\raw\01_mit_introduction_classification.pdf,509202dfeb5631832e30cad1bcda4016eb8bd3c04e47d3ab8dfe461935de5c6e,"Lecture 1: Introduction, linear classification, perceptron update rule",Tommi Jaakkola / MIT OpenCourseWare,https://ocw.mit.edu/courses/6-867-machine-learning-fall-2006/resources/lec1/,https://ocw.mit.edu/courses/6-867-machine-learning-fall-2006/d26f49e758fa83b40c8f22496c857f14_lec1.pdf,CC-BY-NC-SA-4.0,https://creativecommons.org/licenses/by-nc-sa/4.0/,https://ocw.mit.edu/courses/6-867-machine-learning-fall-2006/resources/lec1/,Only under the stated source license.,en,introduction;classification;perceptron,pdf,2026-09-16,111566,509202dfeb5631832e30cad1bcda4016eb8bd3c04e47d3ab8dfe461935de5c6e,Unmodified original PDF; filename changed only.,pypdf 6.18.0 extraction verified; xref and glyph warnings preserved in artifacts/preparation/ingestion_report.json.,Curated corpus; evaluation queries and judgments are maintained separately.,data\raw\01_mit_introduction_classification.pdf
doc_d6d0fd3cb7407d17e5b91ede5b45a0bf9264ba1f23ea36765d2b299b303ef5e9,ml-basics-v1,02_mit_regularization_logistic_regression.pdf,data\raw\02_mit_regularization_logistic_regression.pdf,d6d0fd3cb7407d17e5b91ede5b45a0bf9264ba1f23ea36765d2b299b303ef5e9,"Lecture 4: Classification errors, regularization, logistic regression",Tommi Jaakkola / MIT OpenCourseWare,https://ocw.mit.edu/courses/6-867-machine-learning-fall-2006/resources/lec4/,https://ocw.mit.edu/courses/6-867-machine-learning-fall-2006/59a63d2efbe8aa01041937ff539a449a_lec4.pdf,CC-BY-NC-SA-4.0,https://creativecommons.org/licenses/by-nc-sa/4.0/,https://ocw.mit.edu/courses/6-867-machine-learning-fall-2006/resources/lec4/,Only under the stated source license.,en,classification;regularization;logistic_regression,pdf,2026-09-16,170261,d6d0fd3cb7407d17e5b91ede5b45a0bf9264ba1f23ea36765d2b299b303ef5e9,Unmodified original PDF; filename changed only.,pypdf 6.18.0 extraction verified; xref and glyph warnings preserved in artifacts/preparation/ingestion_report.json.,Curated corpus; evaluation queries and judgments are maintained separately.,data\raw\02_mit_regularization_logistic_regression.pdf
doc_b21a5bb81e302cb85ad2c41160394faa8c01a4d3bebce42e21ecde29c87ae1cf,ml-basics-v1,03_mit_linear_regression_bias_variance.pdf,data\raw\03_mit_linear_regression_bias_variance.pdf,b21a5bb81e302cb85ad2c41160394faa8c01a4d3bebce42e21ecde29c87ae1cf,"Lecture 5: Linear regression, estimator bias and variance, active learning",Tommi Jaakkola / MIT OpenCourseWare,https://ocw.mit.edu/courses/6-867-machine-learning-fall-2006/resources/lec5/,https://ocw.mit.edu/courses/6-867-machine-learning-fall-2006/9e7f8fb89d65d7572980907fd6d12315_lec5.pdf,CC-BY-NC-SA-4.0,https://creativecommons.org/licenses/by-nc-sa/4.0/,https://ocw.mit.edu/courses/6-867-machine-learning-fall-2006/resources/lec5/,Only under the stated source license.,en,linear_regression;bias;variance;active_learning,pdf,2026-09-16,218778,b21a5bb81e302cb85ad2c41160394faa8c01a4d3bebce42e21ecde29c87ae1cf,Unmodified original PDF; filename changed only.,pypdf 6.18.0 extraction verified; xref and glyph warnings preserved in artifacts/preparation/ingestion_report.json.,Curated corpus; evaluation queries and judgments are maintained separately.,data\raw\03_mit_linear_regression_bias_variance.pdf
doc_24d74b3ac0385e392099d04eead2e65749d851ffd92dfdaa951eab8ca15e7f8c,ml-basics-v1,04_google_training_validation_test.txt,data\raw\04_google_training_validation_test.txt,24d74b3ac0385e392099d04eead2e65749d851ffd92dfdaa951eab8ca15e7f8c,Datasets: Dividing the original dataset,Google for Developers / Machine Learning Crash Course,https://developers.google.com/machine-learning/crash-course/overfitting/dividing-datasets,https://developers.google.com/machine-learning/crash-course/overfitting/dividing-datasets,CC-BY-4.0,https://creativecommons.org/licenses/by/4.0/,https://developers.google.com/machine-learning/crash-course/overfitting/dividing-datasets,Only under the stated source license.,en,training_validation_test;data_leakage;generalization,txt,2026-09-16,4147,3600aa39c2bce05e9c15f1027ef4b6968adc455542642c0da7d5f2e8443cfab1,"HTML article converted to UTF-8 TXT; navigation, quiz blocks, exercise headings, figures, captions, code blocks and generated key takeaways omitted; attribution header added.",UTF-8 text checked; 5 quiz blocks omitted.,Curated corpus; evaluation queries and judgments are maintained separately.,data\sources\google_dividing_datasets.html
doc_130ef0f1a7c108fd07ccea843618202f129e2373fffca9c1ab0be0646db99e34,ml-basics-v1,05_google_linear_loss.txt,data\full_corpus\raw\05_google_linear_loss.txt,130ef0f1a7c108fd07ccea843618202f129e2373fffca9c1ab0be0646db99e34,Linear regression: Loss,Google for Developers / Machine Learning Crash Course,https://developers.google.com/machine-learning/crash-course/linear-regression/loss,https://developers.google.com/machine-learning/crash-course/linear-regression/loss,CC-BY-4.0,https://creativecommons.org/licenses/by/4.0/,https://developers.google.com/machine-learning/crash-course/linear-regression/loss,Only under the stated source license.,en,linear-regression;loss,txt,2026-09-17,6733,33b67df6545551f4b3772e7f979c357e4fce5797d20e5499466fe8e721b90690,"HTML lesson converted to UTF-8 TXT; navigation, multiple-choice quizzes, figures, captions, code blocks and generated key takeaways omitted; attribution header added.",UTF-8 article checked; 1 quiz blocks omitted; 1 HTML paragraph closures normalized.,Curated corpus; evaluation queries and judgments are maintained separately.,data\full_corpus\sources\05_google_linear_loss.html
doc_90b2f2c6e25a63f89cd9eded343fdcb8683b592237429f86c310b739f4fba6f3,ml-basics-v1,06_google_gradient_descent.txt,data\full_corpus\raw\06_google_gradient_descent.txt,90b2f2c6e25a63f89cd9eded343fdcb8683b592237429f86c310b739f4fba6f3,Linear regression: Gradient descent,Google for Developers / Machine Learning Crash Course,https://developers.google.com/machine-learning/crash-course/linear-regression/gradient-descent,https://developers.google.com/machine-learning/crash-course/linear-regression/gradient-descent,CC-BY-4.0,https://creativecommons.org/licenses/by/4.0/,https://developers.google.com/machine-learning/crash-course/linear-regression/gradient-descent,Only under the stated source license.,en,linear-regression;gradient-descent,txt,2026-09-17,9473,a0d78c85cf5056a63147d89cebf8796a7a23af2bebc567e4f3b9387a13fe86e6,"HTML lesson converted to UTF-8 TXT; navigation, multiple-choice quizzes, figures, captions, code blocks and generated key takeaways omitted; attribution header added.",UTF-8 article checked; 1 quiz blocks omitted; 0 HTML paragraph closures normalized.,Curated corpus; evaluation queries and judgments are maintained separately.,data\full_corpus\sources\06_google_gradient_descent.html
doc_5e4b12bbda78092b44422fae191f58ebbe624cca6a39580615c2140f9d859833,ml-basics-v1,07_google_hyperparameters.txt,data\full_corpus\raw\07_google_hyperparameters.txt,5e4b12bbda78092b44422fae191f58ebbe624cca6a39580615c2140f9d859833,Linear regression: Hyperparameters,Google for Developers / Machine Learning Crash Course,https://developers.google.com/machine-learning/crash-course/linear-regression/hyperparameters,https://developers.google.com/machine-learning/crash-course/linear-regression/hyperparameters,CC-BY-4.0,https://creativecommons.org/licenses/by/4.0/,https://developers.google.com/machine-learning/crash-course/linear-regression/hyperparameters,Only under the stated source license.,en,linear-regression;hyperparameters,txt,2026-09-17,7341,3c635b3bd17bdff897335416038553d28142af194895c71921a024fdb80af8ef,"HTML lesson converted to UTF-8 TXT; navigation, multiple-choice quizzes, figures, captions, code blocks and generated key takeaways omitted; attribution header added.",UTF-8 article checked; 3 quiz blocks omitted; 0 HTML paragraph closures normalized.,Curated corpus; evaluation queries and judgments are maintained separately.,data\full_corpus\sources\07_google_hyperparameters.html
doc_93e2c576bd5b680c3d169a80ca5ed314d86d502fff24995f232f14f7daaad67c,ml-basics-v1,08_google_sigmoid.txt,data\full_corpus\raw\08_google_sigmoid.txt,93e2c576bd5b680c3d169a80ca5ed314d86d502fff24995f232f14f7daaad67c,Logistic regression: Calculating a probability with the sigmoid function,Google for Developers / Machine Learning Crash Course,https://developers.google.com/machine-learning/crash-course/logistic-regression/sigmoid-function,https://developers.google.com/machine-learning/crash-course/logistic-regression/sigmoid-function,CC-BY-4.0,https://creativecommons.org/licenses/by/4.0/,https://developers.google.com/machine-learning/crash-course/logistic-regression/sigmoid-function,Only under the stated source license.,en,logistic-regression;sigmoid-function,txt,2026-09-17,4770,fdb987b495c37817a1871bc39a25beb79394fc9096d5793456ee1fec34d0bf5e,"HTML lesson converted to UTF-8 TXT; navigation, multiple-choice quizzes, figures, captions, code blocks and generated key takeaways omitted; attribution header added.",UTF-8 article checked; 2 quiz blocks omitted; 0 HTML paragraph closures normalized.,Curated corpus; evaluation queries and judgments are maintained separately.,data\full_corpus\sources\08_google_sigmoid.html
doc_5aa61b0d285727db2edbaf4827a843b73c5e107f0e3e8346d41b5d91c872e8a8,ml-basics-v1,09_google_logistic_loss.txt,data\full_corpus\raw\09_google_logistic_loss.txt,5aa61b0d285727db2edbaf4827a843b73c5e107f0e3e8346d41b5d91c872e8a8,Logistic regression: Loss and regularization,Google for Developers / Machine Learning Crash Course,https://developers.google.com/machine-learning/crash-course/logistic-regression/loss-regularization,https://developers.google.com/machine-learning/crash-course/logistic-regression/loss-regularization,CC-BY-4.0,https://creativecommons.org/licenses/by/4.0/,https://developers.google.com/machine-learning/crash-course/logistic-regression/loss-regularization,Only under the stated source license.,en,logistic-regression;loss-regularization,txt,2026-09-17,2304,8a4574a822e71f06d6e74ba3a8cb4cde309a5ed83d0538e01176a787156f1176,"HTML lesson converted to UTF-8 TXT; navigation, multiple-choice quizzes, figures, captions, code blocks and generated key takeaways omitted; attribution header added.",UTF-8 article checked; 0 quiz blocks omitted; 0 HTML paragraph closures normalized.,Curated corpus; evaluation queries and judgments are maintained separately.,data\full_corpus\sources\09_google_logistic_loss.html
doc_3bf90e3eda843ea012a378994766799bc85d972b042e785b45eb73261a836f92,ml-basics-v1,10_google_thresholds.txt,data\full_corpus\raw\10_google_thresholds.txt,3bf90e3eda843ea012a378994766799bc85d972b042e785b45eb73261a836f92,Thresholds and the confusion matrix,Google for Developers / Machine Learning Crash Course,https://developers.google.com/machine-learning/crash-course/classification/thresholding,https://developers.google.com/machine-learning/crash-course/classification/thresholding,CC-BY-4.0,https://creativecommons.org/licenses/by/4.0/,https://developers.google.com/machine-learning/crash-course/classification/thresholding,Only under the stated source license.,en,classification;thresholding,txt,2026-09-17,4982,a909b20fdc6e227552321b90e9ece2fae790c5a291bcfa2330032edb27da986d,"HTML lesson converted to UTF-8 TXT; navigation, multiple-choice quizzes, figures, captions, code blocks and generated key takeaways omitted; attribution header added.",UTF-8 article checked; 3 quiz blocks omitted; 0 HTML paragraph closures normalized.,Curated corpus; evaluation queries and judgments are maintained separately.,data\full_corpus\sources\10_google_thresholds.html
doc_7e2ecef070f7a93ffef392da37345ec3bfe9af61194ac7469506bbc2b54ff6c5,ml-basics-v1,11_google_classification_metrics.txt,data\full_corpus\raw\11_google_classification_metrics.txt,7e2ecef070f7a93ffef392da37345ec3bfe9af61194ac7469506bbc2b54ff6c5,"Classification: Accuracy, recall, precision, and related metrics",Google for Developers / Machine Learning Crash Course,https://developers.google.com/machine-learning/crash-course/classification/accuracy-precision-recall,https://developers.google.com/machine-learning/crash-course/classification/accuracy-precision-recall,CC-BY-4.0,https://creativecommons.org/licenses/by/4.0/,https://developers.google.com/machine-learning/crash-course/classification/accuracy-precision-recall,Only under the stated source license.,en,classification;accuracy-precision-recall,txt,2026-09-17,8381,2ea75a83323eecdd3f9843619b3565a26db8f0c2c6c0f7272cf24d81a50d7510,"HTML lesson converted to UTF-8 TXT; navigation, multiple-choice quizzes, figures, captions, code blocks and generated key takeaways omitted; attribution header added.",UTF-8 article checked; 3 quiz blocks omitted; 0 HTML paragraph closures normalized.,Curated corpus; evaluation queries and judgments are maintained separately.,data\full_corpus\sources\11_google_classification_metrics.html
doc_bfb2d7527e0f2066fc598964c52293a7439301b7884b0e190a2e8a58b7cb3af7,ml-basics-v1,12_google_roc_auc.txt,data\full_corpus\raw\12_google_roc_auc.txt,bfb2d7527e0f2066fc598964c52293a7439301b7884b0e190a2e8a58b7cb3af7,Classification: ROC and AUC,Google for Developers / Machine Learning Crash Course,https://developers.google.com/machine-learning/crash-course/classification/roc-and-auc,https://developers.google.com/machine-learning/crash-course/classification/roc-and-auc,CC-BY-4.0,https://creativecommons.org/licenses/by/4.0/,https://developers.google.com/machine-learning/crash-course/classification/roc-and-auc,Only under the stated source license.,en,classification;roc-and-auc,txt,2026-09-17,4242,b0c7c705d7d228365aab4e1d4400d793b8397a7ce04ef9f4e6755cf64e9a16d1,"HTML lesson converted to UTF-8 TXT; navigation, multiple-choice quizzes, figures, captions, code blocks and generated key takeaways omitted; attribution header added.",UTF-8 article checked; 4 quiz blocks omitted; 0 HTML paragraph closures normalized.,Curated corpus; evaluation queries and judgments are maintained separately.,data\full_corpus\sources\12_google_roc_auc.html
doc_cdeb3d8ddbb8a4604a72ff2fa76ebb0a3aa7786dcf98f955be8a115ec4d16dd0,ml-basics-v1,13_google_feature_vectors.txt,data\full_corpus\raw\13_google_feature_vectors.txt,cdeb3d8ddbb8a4604a72ff2fa76ebb0a3aa7786dcf98f955be8a115ec4d16dd0,Numerical data: How a model ingests data using feature vectors,Google for Developers / Machine Learning Crash Course,https://developers.google.com/machine-learning/crash-course/numerical-data/feature-vectors,https://developers.google.com/machine-learning/crash-course/numerical-data/feature-vectors,CC-BY-4.0,https://creativecommons.org/licenses/by/4.0/,https://developers.google.com/machine-learning/crash-course/numerical-data/feature-vectors,Only under the stated source license.,en,numerical-data;feature-vectors,txt,2026-09-17,2463,a39246996d9e2a9677117fc7019f40044e2b13196628a1ef36aeaf23be4dcb2f,"HTML lesson converted to UTF-8 TXT; navigation, multiple-choice quizzes, figures, captions, code blocks and generated key takeaways omitted; attribution header added.",UTF-8 article checked; 0 quiz blocks omitted; 0 HTML paragraph closures normalized.,Curated corpus; evaluation queries and judgments are maintained separately.,data\full_corpus\sources\13_google_feature_vectors.html
doc_e02fd6d12150313eee9be970ac06f09276ddb19fdff70b9d479fdb3d3f632419,ml-basics-v1,14_google_normalization.txt,data\full_corpus\raw\14_google_normalization.txt,e02fd6d12150313eee9be970ac06f09276ddb19fdff70b9d479fdb3d3f632419,Numerical data: Normalization,Google for Developers / Machine Learning Crash Course,https://developers.google.com/machine-learning/crash-course/numerical-data/normalization,https://developers.google.com/machine-learning/crash-course/numerical-data/normalization,CC-BY-4.0,https://creativecommons.org/licenses/by/4.0/,https://developers.google.com/machine-learning/crash-course/numerical-data/normalization,Only under the stated source license.,en,numerical-data;normalization,txt,2026-09-17,13340,aa85fea6a53a3e809c95b571b0e95f1ae7fc767f7d4bc37c0aa7eaf08398e3b8,"HTML lesson converted to UTF-8 TXT; navigation, multiple-choice quizzes, figures, captions, code blocks and generated key takeaways omitted; attribution header added.",UTF-8 article checked; 2 quiz blocks omitted; 3 HTML paragraph closures normalized.,Curated corpus; evaluation queries and judgments are maintained separately.,data\full_corpus\sources\14_google_normalization.html
doc_f951643882686993f1da1ca0453b0e87889285e4868a0c2c171315ab1c007950,ml-basics-v1,15_google_one_hot_encoding.txt,data\full_corpus\raw\15_google_one_hot_encoding.txt,f951643882686993f1da1ca0453b0e87889285e4868a0c2c171315ab1c007950,Categorical data: Vocabulary and one-hot encoding,Google for Developers / Machine Learning Crash Course,https://developers.google.com/machine-learning/crash-course/categorical-data/one-hot-encoding,https://developers.google.com/machine-learning/crash-course/categorical-data/one-hot-encoding,CC-BY-4.0,https://creativecommons.org/licenses/by/4.0/,https://developers.google.com/machine-learning/crash-course/categorical-data/one-hot-encoding,Only under the stated source license.,en,categorical-data;one-hot-encoding,txt,2026-09-17,6640,1be44a70e4fc8534653f1df78ec31dfb721479340f9fae6e145621c5a29138e0,"HTML lesson converted to UTF-8 TXT; navigation, multiple-choice quizzes, figures, captions, code blocks and generated key takeaways omitted; attribution header added.",UTF-8 article checked; 1 quiz blocks omitted; 0 HTML paragraph closures normalized.,Curated corpus; evaluation queries and judgments are maintained separately.,data\full_corpus\sources\15_google_one_hot_encoding.html
doc_f0c73ac508a01549274d29ed9f66733ccf706b4dfc19548a6932e3e6fd7b2837,ml-basics-v1,16_google_data_characteristics.txt,data\full_corpus\raw\16_google_data_characteristics.txt,f0c73ac508a01549274d29ed9f66733ccf706b4dfc19548a6932e3e6fd7b2837,Datasets: Data characteristics,Google for Developers / Machine Learning Crash Course,https://developers.google.com/machine-learning/crash-course/overfitting/data-characteristics,https://developers.google.com/machine-learning/crash-course/overfitting/data-characteristics,CC-BY-4.0,https://creativecommons.org/licenses/by/4.0/,https://developers.google.com/machine-learning/crash-course/overfitting/data-characteristics,Only under the stated source license.,en,overfitting;data-characteristics,txt,2026-09-17,7792,330effcad3e9b2188ef4b2f183af2ca85a9e8dcc28b87703677255f3c86731a7,"HTML lesson converted to UTF-8 TXT; navigation, multiple-choice quizzes, figures, captions, code blocks and generated key takeaways omitted; attribution header added.",UTF-8 article checked; 1 quiz blocks omitted; 0 HTML paragraph closures normalized.,Curated corpus; evaluation queries and judgments are maintained separately.,data\full_corpus\sources\16_google_data_characteristics.html
doc_a0b970cf27fcd3abb3e82611511d0517db53da0bb1f0efc4395d78bb1be10223,ml-basics-v1,17_google_labels.txt,data\full_corpus\raw\17_google_labels.txt,a0b970cf27fcd3abb3e82611511d0517db53da0bb1f0efc4395d78bb1be10223,Datasets: Labels,Google for Developers / Machine Learning Crash Course,https://developers.google.com/machine-learning/crash-course/overfitting/labels,https://developers.google.com/machine-learning/crash-course/overfitting/labels,CC-BY-4.0,https://creativecommons.org/licenses/by/4.0/,https://developers.google.com/machine-learning/crash-course/overfitting/labels,Only under the stated source license.,en,overfitting;labels,txt,2026-09-17,4396,326a6d67c3c95284a9e6eb82448081effaf1a6d0292b1a4ec7731f2288c5e97f,"HTML lesson converted to UTF-8 TXT; navigation, multiple-choice quizzes, figures, captions, code blocks and generated key takeaways omitted; attribution header added.",UTF-8 article checked; 1 quiz blocks omitted; 0 HTML paragraph closures normalized.,Curated corpus; evaluation queries and judgments are maintained separately.,data\full_corpus\sources\17_google_labels.html
doc_d50deaf8c9fdd1e972dfc08c73e0180f523957a7fa7ef14e60638d4b846ab95a,ml-basics-v1,18_google_overfitting.txt,data\full_corpus\raw\18_google_overfitting.txt,d50deaf8c9fdd1e972dfc08c73e0180f523957a7fa7ef14e60638d4b846ab95a,Overfitting,Google for Developers / Machine Learning Crash Course,https://developers.google.com/machine-learning/crash-course/overfitting/overfitting,https://developers.google.com/machine-learning/crash-course/overfitting/overfitting,CC-BY-4.0,https://creativecommons.org/licenses/by/4.0/,https://developers.google.com/machine-learning/crash-course/overfitting/overfitting,Only under the stated source license.,en,overfitting;overfitting,txt,2026-09-17,5505,687b15b403182cda228455cde0d95d7e715960c54152807b5dc79768962f8ea1,"HTML lesson converted to UTF-8 TXT; navigation, multiple-choice quizzes, figures, captions, code blocks and generated key takeaways omitted; attribution header added.",UTF-8 article checked; 3 quiz blocks omitted; 0 HTML paragraph closures normalized.,Curated corpus; evaluation queries and judgments are maintained separately.,data\full_corpus\sources\18_google_overfitting.html
doc_92afbdd04cf75dbae22052512e57d547752464fa0c366d87fdcaa5b8bd324fee,ml-basics-v1,19_google_l2_regularization.txt,data\full_corpus\raw\19_google_l2_regularization.txt,92afbdd04cf75dbae22052512e57d547752464fa0c366d87fdcaa5b8bd324fee,Overfitting: L2 regularization,Google for Developers / Machine Learning Crash Course,https://developers.google.com/machine-learning/crash-course/overfitting/regularization,https://developers.google.com/machine-learning/crash-course/overfitting/regularization,CC-BY-4.0,https://creativecommons.org/licenses/by/4.0/,https://developers.google.com/machine-learning/crash-course/overfitting/regularization,Only under the stated source license.,en,overfitting;regularization,txt,2026-09-17,4354,199f89e0fc1ebf250ba3f6058bf1eb4a522c1e608b62d2c61caa6d1365aa581c,"HTML lesson converted to UTF-8 TXT; navigation, multiple-choice quizzes, figures, captions, code blocks and generated key takeaways omitted; attribution header added.",UTF-8 article checked; 2 quiz blocks omitted; 0 HTML paragraph closures normalized.,Curated corpus; evaluation queries and judgments are maintained separately.,data\full_corpus\sources\19_google_l2_regularization.html
doc_9522491d055c1303acb7aebc4238074e8fab8150860ea11afb852a0b518b363e,ml-basics-v1,20_google_loss_curves.txt,data\full_corpus\raw\20_google_loss_curves.txt,9522491d055c1303acb7aebc4238074e8fab8150860ea11afb852a0b518b363e,Overfitting: Interpreting loss curves,Google for Developers / Machine Learning Crash Course,https://developers.google.com/machine-learning/crash-course/overfitting/interpreting-loss-curves,https://developers.google.com/machine-learning/crash-course/overfitting/interpreting-loss-curves,CC-BY-4.0,https://creativecommons.org/licenses/by/4.0/,https://developers.google.com/machine-learning/crash-course/overfitting/interpreting-loss-curves,Only under the stated source license.,en,overfitting;interpreting-loss-curves,txt,2026-09-17,1033,c58c52c7c7cbf74eb2be2e8822b57a0a4cbe0203ce08f4c0e1b57ebc301692f6,"HTML lesson converted to UTF-8 TXT; navigation, multiple-choice quizzes, figures, captions, code blocks and generated key takeaways omitted; attribution header added.",UTF-8 article checked; 4 quiz blocks omitted; 0 HTML paragraph closures normalized.,Curated corpus; evaluation queries and judgments are maintained separately.,data\full_corpus\sources\20_google_loss_curves.html
